{"cameraMode":{"drawMode":0,"name":"Shaded","section":"Shading Mode"},"sceneLighting":true,"audioPlay":false,"sceneViewState":{"m_AlwaysRefresh":false,"showFog":true,"showSkybox":true,"showFlares":true,"showImageEffects":true,"showParticleSystems":true,"showVisualEffectGraphs":true,"m_FxEnabled":true},"in2DMode":false,"pivot":{"x":0.03136775270104408,"y":0.7921338081359863,"z":1.79790198802948},"rotation":{"x":0.0004917845944873989,"y":0.994000256061554,"z":-0.10928013920783997,"w":0.004473066423088312},"size":4.288573265075684,"orthographic":false}