{"cameraMode":{"drawMode":0,"name":"Shaded","section":"Shading Mode"},"sceneLighting":true,"audioPlay":false,"sceneViewState":{"m_AlwaysRefresh":false,"showFog":true,"showSkybox":true,"showFlares":true,"showImageEffects":true,"showParticleSystems":true,"showVisualEffectGraphs":true,"m_FxEnabled":true},"in2DMode":false,"pivot":{"x":0.00009202957153320313,"y":0.8570693135261536,"z":-0.0061247944831848148},"rotation":{"x":0.00034181299270130694,"y":0.9983576536178589,"z":-0.05696813017129898,"w":0.005990218836814165},"size":1.3641386032104493,"orthographic":false}