{"cameraMode":{"drawMode":0,"name":"Shaded","section":"Shading Mode"},"sceneLighting":true,"audioPlay":false,"sceneViewState":{"m_AlwaysRefresh":false,"showFog":true,"showSkybox":true,"showFlares":true,"showImageEffects":true,"showParticleSystems":true,"showVisualEffectGraphs":true,"m_FxEnabled":true},"in2DMode":false,"pivot":{"x":-0.13297733664512635,"y":-0.42073744535446169,"z":0.17077314853668214},"rotation":{"x":0.07523196190595627,"y":-0.9189157485961914,"z":0.32247138023376467,"w":0.21437686681747437},"size":1.5184117555618287,"orthographic":true}