{"cameraMode":{"drawMode":0,"name":"Shaded","section":"Shading Mode"},"sceneLighting":true,"audioPlay":false,"sceneViewState":{"m_AlwaysRefresh":false,"showFog":true,"showSkybox":true,"showFlares":true,"showImageEffects":true,"showParticleSystems":true,"showVisualEffectGraphs":true,"m_FxEnabled":true},"in2DMode":false,"pivot":{"x":0.00009202957153320313,"y":0.8570693135261536,"z":-0.0061247944831848148},"rotation":{"x":0.0025137232150882484,"y":0.9925901293754578,"z":-0.11968617141246796,"w":0.020847901701927186},"size":1.3641386032104493,"orthographic":false}